{
  "integrations": [
    {
      "id": "2e3f079f-748f-4f95-950a-98441aa042fa",
      "name": "Create Bug - Do Nothing Trigger",
      "action": "RUN_SCRIPT",
      "type": "INBOUND_WEBHOOK",
      "deployed": true,
      "form": "c007abd2-b33c-4de4-ad2b-704dc02406c8",
      "environment": "HOSTED",
      "authType": "URL",
      "createdBy": "FLOW",
      "integrationScriptStepUuid": "5e613c64-5af9-4485-8abd-94c0231c9f04"
    }
  ],
  "endpoints": [
    {
      "name": "Bugzilla",
      "baseUrl": "https://bugzilla-dev.allizom.org",
      "type": "EXTERNAL",
      "authentication": "NO_AUTH"
    }
  ],
  "constants": [
    {
      "name": "Bugzilla API Key",
      "value": "<api_key>",
      "description": "API Key for Bugzilla"
    }
  ]
}