[
  {
    "id": "47afe646-e621-4964-ad9f-03b278471094",
    "name": "BMO - Create Bug",
    "description": "",
    "icon": "https://s3-xmatters-static.s3.amazonaws.com/null/customers/aa4ff4cd-06da-460c-b2d0-bb34ad66da69/IMAGE__20200623192919672__bugzilla.png",
    "script": "var apiRequest = http.request({\n    'endpoint': 'Bugzilla',\n    'path': '/rest/bug',\n    'method': 'POST',\n    'headers': {\n        \"X-BUGZILLA-API-KEY\": input['API Key']\n    }\n});\n\nrequestBody = {\n    product: input['Product'],\n    component: input['Component'],\n    summary: input['Summary'],\n    version: input['Version']\n}\n\nif (input['Type'] !== undefined) {\n    requestBody.type = input['Type'];\n}\n\nvar apiResponse = apiRequest.write(requestBody);\nif (apiResponse.statusCode >= 200 && apiResponse.statusCode < 300) {\n    output['ok'] = true;\n    responseBody = JSON.parse(apiResponse.body);\n    output['id'] = responseBody.id;\n} else {\n    output['ok'] = false;\n}\n",
    "endpointLabel": "Bugzilla",
    "allowedEnvironment": "BOTH",
    "accessibleByAll": "NotShared",
    "scriptStepType": "USER",
    "inputs": [
      {
        "id": "dc7cffbf-9bb0-40db-83b1-744daf3bdd2e",
        "name": "Product",
        "helpText": "The name of the product the bug is being filed against.",
        "defaultValue": "",
        "multiline": false,
        "required": true,
        "maxLength": 2000,
        "minLength": 0,
        "position": 0
      },
      {
        "id": "fb7d721a-ca7a-4674-bd17-8334862fe1a0",
        "name": "Component",
        "helpText": "The name of a component in the product above.",
        "defaultValue": "",
        "multiline": false,
        "required": true,
        "maxLength": 2000,
        "minLength": 0,
        "position": 1
      },
      {
        "id": "46e1fd16-7897-4afb-a57e-45a3cd2896b5",
        "name": "Summary",
        "helpText": "A brief description of the bug being filed.",
        "defaultValue": "",
        "multiline": false,
        "required": true,
        "maxLength": 2000,
        "minLength": 0,
        "position": 2
      },
      {
        "id": "b8c95ac0-2474-472e-b5a0-ace2de8c300a",
        "name": "Version",
        "helpText": "A version of the product above; the version the bug was found in.",
        "defaultValue": "",
        "multiline": false,
        "required": true,
        "maxLength": 2000,
        "minLength": 0,
        "position": 3
      },
      {
        "id": "6efa4a96-f5cb-40d5-9668-b8d85fd951f3",
        "name": "API Key",
        "helpText": "API Key from BMO",
        "defaultValue": "",
        "multiline": false,
        "required": true,
        "maxLength": 2000,
        "minLength": 0,
        "position": 4
      },
      {
        "id": "a69a074c-1535-4c5e-bd79-34bdf3a842af",
        "name": "Type",
        "helpText": "Type of bug. (sometimes required)",
        "defaultValue": "defect",
        "multiline": false,
        "required": false,
        "maxLength": 2000,
        "minLength": 0,
        "position": 5
      }
    ],
    "outputs": [
      {
        "id": "69b5f58d-96f7-479c-90f4-b4fdba591858",
        "name": "ok",
        "position": 0
      },
      {
        "id": "89020534-8347-4c50-9b3f-22f296eb4f78",
        "name": "id",
        "position": 1
      }
    ],
    "libraries": []
  },
  {
    "id": "5e613c64-5af9-4485-8abd-94c0231c9f04",
    "name": "Do Nothing Trigger",
    "description": "Just triggers a flow",
    "icon": "/static/images/script_steps/http-trigger.png",
    "script": "//",
    "endpointLabel": "",
    "allowedEnvironment": "HOSTED",
    "accessibleByAll": "NotShared",
    "scriptStepType": "CUSTOM_HTTP",
    "inputs": [],
    "outputs": [
      {
        "id": "c2d88124-ccdc-40d3-a200-8b03e31348e1",
        "name": "Data",
        "description": "",
        "position": 0
      }
    ],
    "libraries": []
  }
]