{
  "name": "Create Bug",
  "form": "c007abd2-b33c-4de4-ad2b-704dc02406c8",
  "blocks": [
    {
      "id": "fe6da084-18a6-4fc2-917b-cb33d2358065",
      "endpoint": "Bugzilla",
      "label": "BMO - Create Bug",
      "environment": "HOSTED",
      "presentation": "{\"w\":60,\"x\":220,\"h\":60,\"y\":40}",
      "step": "47afe646-e621-4964-ad9f-03b278471094",
      "stepType": "SCRIPT_STEP",
      "inputMappings": [
        {
          "inputPort": "input",
          "mapping": "Core",
          "stepInput": "dc7cffbf-9bb0-40db-83b1-744daf3bdd2e"
        },
        {
          "inputPort": "input",
          "mapping": "Audio/Video",
          "stepInput": "fb7d721a-ca7a-4674-bd17-8334862fe1a0"
        },
        {
          "inputPort": "input",
          "mapping": "this is a test bug, please disregard.",
          "stepInput": "46e1fd16-7897-4afb-a57e-45a3cd2896b5"
        },
        {
          "inputPort": "input",
          "mapping": "unspecified",
          "stepInput": "b8c95ac0-2474-472e-b5a0-ace2de8c300a"
        },
        {
          "inputPort": "input",
          "mapping": "${constants.Bugzilla API Key}",
          "stepInput": "6efa4a96-f5cb-40d5-9668-b8d85fd951f3"
        },
        {
          "inputPort": "input",
          "mapping": "defect",
          "stepInput": "a69a074c-1535-4c5e-bd79-34bdf3a842af"
        }
      ]
    },
    {
      "id": "ebc21016-ab09-4da2-9800-655a771d846c",
      "label": "Create Bug - Do Nothing Trigger",
      "environment": "HOSTED",
      "presentation": "{\"w\":60,\"x\":0,\"h\":60,\"y\":40}",
      "step": "2e3f079f-748f-4f95-950a-98441aa042fa",
      "stepType": "INTEGRATION"
    }
  ],
  "edges": [
    {
      "fromBlock": "ebc21016-ab09-4da2-9800-655a771d846c",
      "fromPort": "output",
      "toBlock": "fe6da084-18a6-4fc2-917b-cb33d2358065",
      "toPort": "input"
    }
  ]
}